steps,return
6100000,1056.6666666666667
100000,43.333333333333336
2800000,545.0
3400000,590.0
5500000,450.0
4000000,615.0
2500000,650.0
6700000,543.3333333333334
1000000,440.0
2200000,405.0
1600000,380.0
4300000,576.6666666666666
700000,240.0
1900000,376.6666666666667
400000,303.3333333333333
6400000,510.0
5800000,600.0
1300000,226.66666666666666
3700000,651.6666666666666
3100000,561.6666666666666
4600000,565.0
4900000,583.3333333333334
5200000,563.3333333333334
